<?xml version="1.0" encoding="UTF-8" ?>
<XMLDB PATH="local/clsroom/db" VERSION="20130407" COMMENT="XMLDB file for local clsroom plugin"
       xmlns:xsi="http://www.w3.org/2001/XMLSchema-instance"
       xsi:noNamespaceSchemaLocation="../../../lib/xmldb/xmldb.xsd"
>
    <TABLES>
        <TABLE NAME="local_clsroom" COMMENT="each record is a clsroom">
            <FIELDS>
                <FIELD NAME="id" TYPE="int" LENGTH="10" NOTNULL="true" SEQUENCE="true"/>
                <FIELD NAME="clsroomtext" TYPE="text" NOTNULL="true" SEQUENCE="false"/>
                <FIELD NAME="clsroomaddress" TYPE="text" NOTNULL="true" SEQUENCE="false"/>
                <FIELD NAME="clsroomcoursecatid" TYPE="int" LENGTH="10" NOTNULL="true" DEFAULT="0" SEQUENCE="false"/>
                <FIELD NAME="delflag" TYPE="int" LENGTH="10" NOTNULL="true" DEFAULT="0" SEQUENCE="false"/>
            </FIELDS>
            <KEYS>
                <KEY NAME="primary" TYPE="primary" FIELDS="id"/>
            </KEYS>
        </TABLE>
        
    </TABLES>
</XMLDB>
