{
	"info": {
		"_postman_id": "7c85ddbb-04ed-4eff-b479-4837f46c3cd1",
		"name": "SMS Copy",
		"schema": "https://schema.getpostman.com/json/collection/v2.1.0/collection.json",
		"_exporter_id": "3009953"
	},
	"item": [
		{
			"name": "Single SMS",
			"request": {
				"method": "GET",
				"header": [],
				"url": {
					"raw": "https://josmsservice.com/SMSServices/Clients/Prof/SingleSMS/SMSService.asmx/SendSMS?senderid=Eqratech&accname=meqratech&AccPass=S0@woSj4@3KonhT6&id=&numbers=962796080604&msg=SMSBODY",
					"protocol": "https",
					"host": [
						"josmsservice",
						"com"
					],
					"path": [
						"SMSServices",
						"Clients",
						"Prof",
						"SingleSMS",
						"SMSService.asmx",
						"SendSMS"
					],
					"query": [
						{
							"key": "senderid",
							"value": "Eqratech"
						},
						{
							"key": "accname",
							"value": "meqratech"
						},
						{
							"key": "AccPass",
							"value": "S0@woSj4@3KonhT6"
						},
						{
							"key": "id",
							"value": ""
						},
						{
							"key": "numbers",
							"value": "962796080604",
							"description": "962"
						},
						{
							"key": "msg",
							"value": "SMSBODY"
						}
					]
				}
			},
			"response": []
		}
	]
}