<?xml version="1.0" encoding="UTF-8" ?>
<XMLDB PATH="local/committee/db" VERSION="20130407" COMMENT="XMLDB file for local committee plugin"
       xmlns:xsi="http://www.w3.org/2001/XMLSchema-instance"
       xsi:noNamespaceSchemaLocation="../../../lib/xmldb/xmldb.xsd"
>
    <TABLES>
        <TABLE NAME="local_committee" COMMENT="each record is a committee">
            <FIELDS>
                <FIELD NAME="id" TYPE="int" LENGTH="10" NOTNULL="true" SEQUENCE="true"/>
                <FIELD NAME="committeetype" TYPE="int" LENGTH="10" NOTNULL="true" SEQUENCE="false"/>
                <FIELD NAME="memberscount" TYPE="int" LENGTH="10" NOTNULL="true" SEQUENCE="false"/>
                <FIELD NAME="committeecoursecatid" TYPE="int" LENGTH="10" NOTNULL="true" DEFAULT="0" SEQUENCE="false"/>
                <FIELD NAME="clsroomid" TYPE="int" LENGTH="10" NOTNULL="true" SEQUENCE="false"/>
                <FIELD NAME="schedulerid" DEFAULT="0" TYPE="int" LENGTH="10" NOTNULL="true" SEQUENCE="false"/>
        
                <FIELD NAME="datefrom" TYPE="datetime" NOTNULL="true" SEQUENCE="false"/>
                <FIELD NAME="dateto" TYPE="datetime" NOTNULL="true" SEQUENCE="false"/>
                <FIELD NAME="timefrom" TYPE="datetime" NOTNULL="true" SEQUENCE="false"/>
                <FIELD NAME="timeto" TYPE="datetime" NOTNULL="true" SEQUENCE="false"/>
                <FIELD NAME="duration" TYPE="int" LENGTH="10" NOTNULL="true" SEQUENCE="false"/>

                <FIELD NAME="delflag" TYPE="int" LENGTH="10" NOTNULL="true" DEFAULT="0" SEQUENCE="false"/>
            </FIELDS>
            <KEYS>
                <KEY NAME="primary" TYPE="primary" FIELDS="id"/>
            </KEYS>
        </TABLE>
        <TABLE NAME="local_committee_teacher" COMMENT="Scheduler appointments">
            <FIELDS>
                <FIELD NAME="id" TYPE="int" LENGTH="11" NOTNULL="true" SEQUENCE="true"/>
                <FIELD NAME="committeeid" TYPE="int" LENGTH="11" NOTNULL="true" SEQUENCE="false"/>

                
                <FIELD NAME="teacherid" TYPE="int" LENGTH="11" NOTNULL="false" DEFAULT="0" SEQUENCE="false"/>

            </FIELDS>
            <KEYS>
                <KEY NAME="primary" TYPE="primary" FIELDS="id" COMMENT="Primary key for committee_teacher"/>
            </KEYS>
            <INDEXES>
                <INDEX NAME="committeeid" UNIQUE="false" FIELDS="committeeid" COMMENT="By committee id"/>
                <INDEX NAME="teacherid" UNIQUE="false" FIELDS="teacherid" COMMENT="By teacher id"/>
            </INDEXES>
        </TABLE>

        <TABLE NAME="scheduler_appointment_committee" COMMENT="Scheduler appointments">
            <FIELDS>
                <FIELD NAME="id" TYPE="int" LENGTH="11" NOTNULL="true" SEQUENCE="true"/>
                <FIELD NAME="appointmentid" TYPE="int" LENGTH="11" NOTNULL="true" SEQUENCE="false"/>

                <FIELD NAME="grade" TYPE="int" LENGTH="4" NOTNULL="false" SEQUENCE="false"/>

                <FIELD NAME="teacherid" TYPE="int" LENGTH="11" NOTNULL="false" DEFAULT="0" SEQUENCE="false"/>

                <FIELD NAME="teachernote" TYPE="text" NOTNULL="false" SEQUENCE="false" COMMENT="Notes visible to teacher only"/>
                <FIELD NAME="teachernoteformat" TYPE="int" LENGTH="4" NOTNULL="true" DEFAULT="0" SEQUENCE="false"/>
            </FIELDS>
            <KEYS>
                <KEY NAME="primary" TYPE="primary" FIELDS="id" COMMENT="Primary key for scheduler_appointment__committee"/>
            </KEYS>
            <INDEXES>
                <INDEX NAME="appointmentid" UNIQUE="false" FIELDS="appointmentid" COMMENT="By appointment id"/>
                <INDEX NAME="teacherid" UNIQUE="false" FIELDS="teacherid" COMMENT="By teacher id"/>
            </INDEXES>
        </TABLE>
  
    </TABLES>
</XMLDB>
